{
   "options": {
      "start": "Cuisine"
   },
   "questions": {
      "Cuisine": {
         "question": "What kind of cuisine are you looking for?",
         "shorthand": "Cuisine",
         "answers": [
            {
               "answer": "American",
               "next": "NumPeople"
            },
            {
               "answer": "Chinese",
               "next": "NumPeople"
            },
            {
               "answer": "German",
               "next": "NumPeople"
            },
            {
               "answer": "Greek",
               "next": "NumPeople"
            },
            {
               "answer": "Indian",
               "next": "NumPeople"
            },
            {
               "answer": "Italian",
               "next": "NumPeople"
            },
            {
               "answer": "Japanese",
               "next": "NumPeople"
            },
            {
               "answer": "Mediterranean",
               "next": "NumPeople"
            },
            {
               "answer": "Mexican",
               "next": "NumPeople"
            },
            {
               "answer": "Thai",
               "next": "NumPeople"
            },
            {
               "answer": "Vietnamese",
               "next": "NumPeople"
            }
         ],
         "view": "MultiChoiceView"
      },
      "NumPeople": {
         "question": "How many people are in your party?",
         "shorthand": "NumPeople",
         "answers": [
            {
               "answer": "1",
               "next": "21"
            },
            {
               "answer": "2",
               "next": "21"
            },
            {
               "answer": "3",
               "next": "21"
            },
            {
               "answer": "4",
               "next": "21"
            },
            {
               "answer": "5+",
               "next": "21"
            }
         ],
         "view": "MultiChoiceView"
      },
      "21": {
         "question": "Is everyone 21 years old?",
         "shorthand": "21",
         "answers": [
            {
               "answer": "Yes",
               "next": "Date"
            },
            {
               "answer": "No",
               "next": "Date"
            }
         ],
         "view": "MultiChoiceView"
      },
      "Distance": {
         "question": "How far are you willing to travel?",
         "shorthand": "Distance",
         "answers": [
            {
               "answer": "< 1 Mile",
               "next": "Price"
            },
            {
               "answer": "1-5 Miles",
               "next": "Price"
            },
            {
               "answer": "5-10 Miles",
               "next": "Price"
            },
            {
               "answer": "10+ Miles",
               "next": "Price"
            }
         ],
         "view": "MultiChoiceView"
      },
      "InOutDoor": {
         "question": "Would you like to be indoor or outdoor?",
         "shorthand": "InOutDoor",
         "answers": [
            {
               "answer": "Indoor",
               "next": "Active"
            },
            {
               "answer": "Outdoor",
               "next": "Active"
            }
         ],
         "view": "MultiChoiceView"
      },
      "Date": {
         "question": "Is this going to be a date?",
         "shorthand": "Date",
         "answers": [
            {
               "answer": "Yes",
               "next": "Distance"
            },
            {
               "answer": "No",
               "next": "Distance"
            }
         ],
         "view": "MultiChoiceView"
      },
      "Price": {
         "question": "How much money are you looking to spend?",
         "shorthand": "Price",
         "answers": [
            {
               "answer": "$",
               "next": ""
            },
            {
               "answer": "$$",
               "next": ""
            },
            {
               "answer": "$$$",
               "next": ""
            },
            {
               "answer": "$$$$",
               "next": ""
            }
         ],
         "view": "MultiChoiceView"
      }
   }
}
